{
    "Results": {
        "Classifier": [],
        "Detector": [],
        "Fiducial": [
            {
                "fID": 4,
                "fam": "36H11C",
                "pts": [],
                "skew": [],
                "t6c_ts": [
                    -1.3623769086632036,
                    0.7361261495988193,
                    -4.597594444135322,
                    25.912703154235768,
                    18.405747279302805,
                    2.9959169629614504
                ],
                "t6r_fs": [
                    3.7108743634593564,
                    2.8049760087278752,
                    0.0,
                    0.0,
                    0.0,
                    -19.75205791543808
                ],
                "t6r_ts": [
                    -1.3623769086632036,
                    0.7361261495988193,
                    -4.597594444135322,
                    25.912703154235768,
                    18.405747279302805,
                    2.9959169629614504
                ],
                "t6t_cs": [
                    -0.1972523325887752,
                    1.3635335677210405,
                    4.651633578551958,
                    -26.287065715308252,
                    -17.84549321374975,
                    5.472645238964976
                ],
                "t6t_rs": [
                    -0.1972523325887752,
                    1.3635335677210405,
                    4.651633578551958,
                    -26.287065715308252,
                    -17.84549321374975,
                    5.472645238964976
                ],
                "ta": 0.001201806589961052,
                "tx": -2.297112464904785,
                "txp": 297.0863952636719,
                "ty": -16.39524269104004,
                "typ": 391.9735412597656
            },
            {
                "fID": 3,
                "fam": "36H11C",
                "pts": [],
                "skew": [],
                "t6c_ts": [
                    -0.8932851099717171,
                    1.2592509105896805,
                    -4.837434801995578,
                    31.10534264729884,
                    5.320275848934866,
                    2.49757194296805
                ],
                "t6r_fs": [
                    3.4710333832105134,
                    1.7707345282553424,
                    0.0,
                    0.0,
                    0.0,
                    -6.811437344022688
                ],
                "t6r_ts": [
                    -0.8932851099717171,
                    1.2592509105896805,
                    -4.837434801995578,
                    31.10534264729884,
                    5.320275848934866,
                    2.49757194296805
                ],
                "t6t_cs": [
                    0.3854126289533452,
                    1.417937125188425,
                    4.860592352947506,
                    -31.020286603244244,
                    -5.8444563815409705,
                    0.6073464906353625
                ],
                "t6t_rs": [
                    0.3854126289533452,
                    1.417937125188425,
                    4.860592352947506,
                    -31.020286603244244,
                    -5.8444563815409705,
                    0.6073464906353625
                ],
                "ta": 0.0011059256503358483,
                "tx": 4.219351768493652,
                "txp": 360.721923828125,
                "ty": -16.313257217407227,
                "typ": 391.1681823730469
            }
        ],
        "Retro": [],
        "botpose": [
            3.7695917961087955,
            1.8165269287186447,
            0.0,
            0.0,
            0.0,
            -8.091454984432072
        ],
        "botpose_wpiblue": [
            12.040466796108795,
            5.823376928718645,
            0.0,
            0.0,
            0.0,
            -8.091454984432072
        ],
        "botpose_wpired": [
            4.501278383574025,
            2.1903330742313853,
            0.0,
            0.0,
            0.0,
            171.90839297607658
        ],
        "pID": 0.0,
        "tl": 59.56833267211914,
        "ts": 2280722.30866,
        "v": 1
    }
}